dataset,yaw_deg,fov_pct,any_box_pct,lost_baseline_pct,shift_mean_px,shift_p95_px,object_retained_pct,edge_distance_px,edge_delta_px,n_frames
kitti_mini,-3.00000000,15.73106180,18.25267547,3.96574658,45.83058904,60.53356151,45.81803944,12.40943570,-0.34082930,20
kitti_mini,-2.00000000,15.73996175,18.20305539,2.63230558,30.69811186,40.86175468,59.32535183,12.56146100,-0.22807024,20
kitti_mini,-1.00000000,15.74527036,18.21885702,1.33401232,15.42206088,20.68316293,82.76895838,12.72796028,-0.11336355,20
kitti_mini,-0.50000000,15.74773396,18.25342841,0.67752513,7.73027382,10.40776725,94.08909265,12.81427383,-0.05585923,20
kitti_mini,0.00000000,15.75434659,18.28050208,0.00000000,0.00000000,0.00000000,99.25831563,12.90911529,0.00000000,20
kitti_mini,0.50000000,15.76123161,18.27490181,0.63068493,7.73099438,10.41350508,91.78111176,12.86409814,0.05127270,20
kitti_mini,1.00000000,15.76445061,18.28906954,1.27647377,15.42249581,20.69615977,78.84480127,12.83067145,0.10945230,20
kitti_mini,2.00000000,15.76610980,18.35379751,2.57389960,30.69263365,40.86077161,58.11430521,12.78480546,0.22763882,20
kitti_mini,3.00000000,15.77397602,18.42367929,3.88180300,45.81727322,60.55098627,46.69982715,12.74005103,0.33405130,20
nuscenes_mini_subset,-3.00000000,8.73538228,15.05191164,5.29791468,77.04507158,90.71182243,55.22003296,52.45755863,-0.96993611,80
nuscenes_mini_subset,-2.00000000,8.73445176,14.96878721,3.53316812,51.55273627,61.02861166,68.20822864,52.84642634,-0.67199924,80
nuscenes_mini_subset,-1.00000000,8.72873789,14.93514483,1.76133966,25.87548393,30.80331485,85.71583760,53.29530284,-0.34324472,80
nuscenes_mini_subset,-0.50000000,8.72726604,14.94380176,0.88466009,12.96295044,15.47361720,95.57143444,53.54521792,-0.17714794,80
nuscenes_mini_subset,0.00000000,8.72687394,14.96043742,0.00000000,0.00000000,0.00000000,99.93727505,53.82690275,0.00000000,80
nuscenes_mini_subset,0.50000000,8.72356786,14.91787719,0.90493587,12.96362133,15.48023206,96.24164901,53.76746402,0.14262903,80
nuscenes_mini_subset,1.00000000,8.72371605,14.91356772,1.80702540,25.87750333,30.82055702,87.57963072,53.69077179,0.23786967,80
nuscenes_mini_subset,2.00000000,8.71785065,14.92627340,3.66247420,51.55549742,61.05153913,69.56780904,53.56975241,0.38760991,80
nuscenes_mini_subset,3.00000000,8.71202155,14.95016838,5.49733280,77.04866407,90.74632835,55.49874074,53.48518524,0.50303991,80
